# Player,From,To,Pos,Ht,Wt,Birth Date,Colleges,Player-additional

Alaa Abdelnaby,1991,1995,F-C,6-10,240,June 24 1968,Duke,abdelal01
Zaid Abdul-Aziz,1969,1978,C-F,6-9,235,April 7 1946,Iowa State,abdulza01
Kareem Abdul-Jabbar*,1970,1989,C,7-2,225,April 16 1947,UCLA,abdulka01
Mahmoud Abdul-Rauf,1991,2001,G,6-1,162,March 9 1969,LSU,abdulma02
Tariq Abdul-Wahad,1998,2003,F,6-6,223,November 3 1974,Michigan San Jose State,abdulta01
Shareef Abdur-Rahim,1997,2008,F,6-9,225,December 11 1976,California,abdursh01
Tom Abernethy,1977,1981,F,6-7,220,May 6 1954,Indiana,abernto01
Forest Able,1957,1957,G,6-3,180,July 27 1932,Western Kentucky,ablefo01
John Abramovic,1947,1948,F,6-3,195,February 9 1919,Salem University,abramjo01
Álex Abrines,2017,2019,G-F,6-6,200,August 1 1993,,abrinal01
Precious Achiuwa,2021,2025,F,6-8,225,September 19 1999,Memphis,achiupr01
Alex Acker,2006,2009,G,6-5,185,January 21 1983,Pepperdine,ackeral01
Don Ackerman,1954,1954,G,6-0,183,September 4 1930,Long Island University,ackerdo01
Mark Acres,1988,1993,F-C,6-11,220,November 15 1962,Oral Roberts,acresma01
Bud Acton,1968,1968,F,6-6,210,January 11 1942,Hillsdale College,actonbu01
Quincy Acy,2013,2019,F-C,6-7,240,October 6 1990,Baylor,acyqu01
Alvan Adams,1976,1988,C-F,6-9,210,July 19 1954,Oklahoma,adamsal01
Don Adams,1971,1977,F,6-6,210,November 27 1947,Northwestern,adamsdo01
George Adams,1973,1975,F-G,6-5,210,May 15 1949,Gardner-Webb University,adamsge01
Hassan Adams,2007,2009,G,6-4,220,June 20 1984,Arizona,adamsha01
Jaylen Adams,2019,2021,G,6-0,225,May 4 1996,St. Bonaventure,adamsja01
Jordan Adams,2015,2016,G,6-5,209,July 8 1994,UCLA,adamsjo01
Michael Adams,1986,1996,G,5-10,162,January 19 1963,Boston College,adamsmi01
Steven Adams,2014,2025,C,6-11,265,July 20 1993,Pitt,adamsst01
Rafael Addison,1987,1997,F-G,6-7,215,July 22 1964,Syracuse,addisra01
Bam Adebayo,2018,2025,C-F,6-9,255,July 18 1997,Kentucky,adebaba01
Deng Adel,2019,2019,F,6-7,200,February 1 1997,Louisville,adelde01
Rick Adelman*,1969,1975,G,6-1,175,June 16 1946,Loyola Marymount,adelmri01
Jeff Adrien,2011,2015,F,6-7,245,February 10 1986,UConn,adrieje01
Arron Afflalo,2008,2018,G-F,6-5,210,October 15 1985,UCLA,afflaar01
Ochai Agbaji,2023,2025,G,6-5,215,April 20 2000,Kansas,agbajoc01
Maurice Ager,2007,2011,G,6-5,202,February 9 1984,Michigan State,agerma01
Mark Aguirre,1982,1994,F-G,6-6,232,December 10 1959,DePaul,aguirma01
Blake Ahearn,2008,2012,G,6-2,190,May 27 1984,Missouri State,ahearbl01
Danny Ainge,1982,1995,G,6-5,185,March 17 1959,BYU,aingeda01
Matt Aitch,1968,1968,F,6-7,230,September 21 1944,Moberly Area Community College Michigan State,aitchma01
Alexis Ajinça,2009,2017,C-F,7-2,248,May 6 1988,,ajincal01
Henry Akin,1967,1969,C-F,6-10,225,July 31 1944,Morehead State University,akinhe01
Josh Akognon,2013,2013,G,5-11,185,February 10 1986,Washington State Cal State Fullerton,akognjo01
DeVaughn Akoon-Purcell,2019,2019,G,6-6,200,June 5 1993,Illinois State,akoonde01
Solomon Alabi,2011,2012,C,7-1,251,March 21 1988,Florida State,alabiso01
Mark Alarie,1987,1991,F,6-8,217,December 11 1963,Duke,alarima01
Gary Alcorn,1960,1961,C,6-9,225,October 8 1936,Fresno State,alcorga01
Santi Aldama,2022,2025,F,6-11,224,January 10 2001,Loyola (MD),aldamsa01
Furkan Aldemir,2015,2015,F-C,6-10,240,August 9 1991,,aldemfu01
Cole Aldrich,2011,2018,C,6-11,250,October 31 1988,Kansas,aldrico01
LaMarcus Aldridge,2007,2022,F-C,6-11,250,July 19 1985,Texas,aldrila01
Chuck Aleksinas,1985,1985,C,6-11,260,February 26 1959,Kentucky UConn,aleksch01
Cliff Alexander,2016,2016,F,6-8,245,November 16 1995,Kansas,alexacl01
Cory Alexander,1996,2005,G,6-1,185,June 22 1973,Virginia,alexaco01
Courtney Alexander,2001,2003,G,6-5,205,April 27 1977,Virginia Fresno State,alexaco02
Gary Alexander,1994,1994,F,6-7,240,November 1 1969,South Florida,alexaga01
Joe Alexander,2009,2010,F,6-8,230,December 26 1986,West Virginia,alexajo01
Kyle Alexander,2020,2020,F,6-11,220,October 21 1996,Tennessee,alexaky01
Trey Alexander,2025,2025,G,6-4,185,May 2 2003,Creighton,alexatr01
Ty-Shon Alexander,2021,2021,G,6-3,195,July 16 1998,Creighton,alexaty01
Victor Alexander,1992,2002,C-F,6-9,265,August 31 1969,Iowa State,alexavi01
Nickeil Alexander-Walker,2020,2025,G,6-5,205,September 2 1998,Virginia Tech,alexani01
Steve Alford,1988,1991,G,6-2,183,November 23 1964,Indiana,alforst01
Rawle Alkins,2019,2019,G,6-5,225,October 29 1997,Arizona,alkinra01
Bill Allen,1968,1968,C-F,6-8,205,,New Mexico State,allenbi01
Bob Allen,1969,1969,F,6-9,205,July 17 1946,Marshall,allenbo01
Grayson Allen,2019,2025,G,6-4,198,October 8 1995,Duke,allengr01
Jarrett Allen,2018,2025,C-F,6-11,243,April 21 1998,Texas,allenja01
Jerome Allen,1996,1997,G,6-4,184,January 28 1973,Penn,allenje01
Kadeem Allen,2018,2020,G,6-1,200,January 15 1993,Arizona,allenka01
Lavoy Allen,2012,2017,F-C,6-9,260,February 4 1989,Temple,allenla01
Lucius Allen,1970,1979,G,6-2,175,September 26 1947,UCLA,allenlu01
Malik Allen,2002,2011,F-C,6-10,255,June 27 1978,Villanova,allenma01
Randy Allen,1989,1990,F,6-8,220,January 26 1965,Florida State,allenra01
Ray Allen*,1997,2014,G,6-5,205,July 20 1975,UConn,allenra02
Timmy Allen,2024,2024,F,6-6,210,January 9 2000,Utah Texas,allenti01
Tony Allen,2005,2018,G-F,6-4,213,January 11 1982,Butler County Community College Oklahoma State,allento01
Willie Allen,1972,1972,F,6-6,230,February 8 1949,Miami (FL),allenwi01
Odis Allison,1972,1972,F,6-6,195,October 2 1949,UNLV,allisod01
Lance Allred,2008,2008,C,6-11,250,February 2 1981,Utah Weber State,allrela01
Darrell Allums,1981,1981,F,6-9,220,September 12 1958,UCLA,allumda01
Morris Almond,2008,2012,G,6-6,225,February 2 1985,Rice University,almonmo01
Derrick Alston,1995,1997,F,6-11,225,August 20 1972,Duquesne,alstode01
Rafer Alston,2000,2010,G,6-2,171,July 24 1976,Fresno State,alstora01
Peter Aluma,1999,1999,C,6-10,260,April 23 1973,Liberty,alumape01
Jose Alvarado,2022,2025,G,6-0,179,April 12 1998,Georgia Tech,alvarjo01
John Amaechi,1996,2003,C-F,6-10,270,November 26 1970,Vanderbilt Penn State,amaecjo01
Ashraf Amaya,1996,1997,F,6-8,230,November 23 1971,Southern Illinois,amayaas01
Al-Farouq Aminu,2011,2021,F,6-8,220,September 21 1990,Wake Forest,aminual01
Lou Amundson,2007,2016,F-C,6-9,220,December 7 1982,UNLV,amundlo01
Bob Anderegg,1960,1960,F-G,6-3,200,August 24 1937,Michigan State,anderbo01
Chris Andersen,2002,2017,C-F,6-10,245,July 7 1978,Blinn College,anderch01
David Andersen,2010,2011,C,6-11,245,June 23 1980,,anderda03
Alan Anderson,2006,2017,G-F,6-6,220,October 16 1982,Michigan State,anderal01
Andy Anderson,1968,1970,G,6-2,184,July 6 1945,Canisius,anderan01
Antonio Anderson,2010,2010,G,6-6,215,June 5 1985,Memphis,anderan02
Cliff Anderson,1968,1971,G-F,6-2,200,September 7 1944,Saint Joseph's,andercl01
Dan Anderson,1968,1969,C,6-10,230,February 15 1943,Augsburg College,anderda01
Dan Anderson,1975,1976,G,6-2,185,January 1 1951,USC,anderda02
Derek Anderson,1998,2008,G,6-5,194,July 18 1974,Ohio State Kentucky,anderde01
Dwight Anderson,1983,1983,G,6-3,185,December 28 1960,Kentucky USC,anderdw01
Eric Anderson,1993,1994,F,6-9,220,May 26 1970,Indiana,anderer01
Greg Anderson,1988,1998,F-C,6-10,230,June 22 1964,Houston,andergr01
J.J. Anderson,1983,1985,F,6-8,195,September 23 1960,Bradley,anderjj01
James Anderson,2011,2016,G-F,6-6,213,March 25 1989,Oklahoma State,anderja01
Jerome Anderson,1976,1977,G,6-5,195,October 9 1953,West Virginia,anderje01
Justin Anderson,2016,2022,G,6-6,230,November 19 1993,Virginia,anderju01
Kenny Anderson,1992,2005,G,6-1,168,October 9 1970,Georgia Tech,anderke01
Kim Anderson,1979,1979,F,6-7,200,May 12 1955,Missouri,anderki01
Kyle Anderson,2015,2025,F-G,6-9,230,September 20 1993,UCLA,anderky01
Michael Anderson,1989,1989,G,5-11,184,March 23 1966,Drexel,andermi01
Nick Anderson,1990,2002,F-G,6-6,205,January 20 1968,Illinois,anderni01
Richard Anderson,1983,1990,F-C,6-10,240,November 19 1960,UC Santa Barbara,anderri01
Ron Anderson,1985,1994,F-G,6-7,215,October 15 1958,Fresno State,anderro01
Ryan Anderson,2009,2020,F,6-9,240,May 6 1988,California,anderry01
Shandon Anderson,1997,2006,F-G,6-6,208,December 31 1973,Georgia,andersh01
Willie Anderson,1989,1997,G-F,6-7,190,January 8 1967,Georgia,anderwi01
Wally Anderzunas,1970,1970,C-F,6-7,220,January 11 1946,Creighton,anderwa01
Martynas Andriuškevičius,2006,2006,C,7-2,240,March 12 1986,,andrima01
Don Anielak,1955,1955,F,6-7,190,November 1 1930,Missouri State,anieldo01
Ike Anigbogu,2018,2019,F-C,6-10,250,October 17 1998,UCLA,anigbik01
Michael Ansley,1990,1992,F,6-7,225,February 8 1967,Alabama,anslemi01
Chris Anstey,1998,2000,C,7-0,249,January 1 1975,,anstech01
Giannis Antetokounmpo,2014,2025,F-G,6-11,242,December 6 1994,,antetgi01
Kostas Antetokounmpo,2019,2021,F,6-10,200,November 20 1997,Dayton,antetko01
Thanasis Antetokounmpo,2016,2024,F,6-7,219,July 18 1992,,antetth01
Carmelo Anthony,2004,2022,F,6-7,238,May 29 1984,Syracuse,anthoca01
Cole Anthony,2021,2025,G,6-2,185,May 15 2000,UNC,anthoco01
Greg Anthony,1992,2002,G,6-0,176,November 15 1967,University of Portland UNLV,anthogr01
Joel Anthony,2008,2017,C,6-9,245,August 9 1982,UNLV,anthojo01
Pero Antić,2014,2015,C-F,6-11,260,July 29 1982,,anticpe01
OG Anunoby,2018,2025,F,6-7,232,July 17 1997,Indiana,anunoog01
Keith Appling,2016,2016,G,6-1,185,February 13 1992,Michigan State,applike01
Rafael Araújo,2005,2007,C,6-11,280,August 12 1980,BYU,araujra01
Stacey Arceneaux,1962,1962,F,6-4,210,February 17 1936,Iowa State,arcenst01
Robert Archibald,2003,2004,F,6-11,250,March 29 1980,Illinois,archiro01
Tiny Archibald*,1971,1984,G,6-1,150,September 2 1948,Arizona Western College Texas-El Paso,architi01
Ryan Arcidiacono,2018,2024,G,6-3,195,March 26 1994,Villanova,arcidry01
Jim Ard,1971,1978,F-C,6-8,215,September 19 1948,Cincinnati,ardji01
Gilbert Arenas,2002,2012,G,6-4,191,January 6 1982,Arizona,arenagi01
Trevor Ariza,2005,2022,F,6-8,215,June 30 1985,UCLA,arizatr01
Paul Arizin*,1951,1962,F-G,6-4,190,April 9 1928,Villanova,arizipa01
Joe Arlauckas,1988,1988,F,6-9,230,July 20 1965,Niagara University,arlaujo01
B.J. Armstrong,1990,2000,G,6-2,175,September 9 1967,Iowa,armstbj01
Bob Armstrong,1957,1957,C-F,6-8,220,June 17 1933,Michigan State,armstbo01
Brandon Armstrong,2002,2004,G,6-5,188,June 16 1980,Pepperdine,armstbr01
Curly Armstrong,1949,1951,G-F,5-11,170,November 1 1918,Indiana,armstcu01
Darrell Armstrong,1995,2008,G,6-0,170,June 22 1968,Fayetteville State University,armstda01
Hilton Armstrong,2007,2014,F-C,6-11,235,November 11 1984,UConn,armsthi01
Tate Armstrong,1978,1979,G,6-3,175,October 5 1955,Duke,armstta01
Jesse Arnelle,1956,1956,F,6-5,220,December 30 1933,Penn State,arnelje01
Jay Arnette,1964,1966,G,6-2,175,December 19 1938,Texas,arnetja01
Bob Arnzen,1970,1974,F,6-5,205,November 3 1947,Notre Dame,arnzebo01
Carlos Arroyo,2002,2011,G,6-2,202,July 30 1979,Florida International University,arroyca01
Darrell Arthur,2009,2018,F,6-9,235,March 25 1988,Kansas,arthuda01
John Arthurs,1970,1970,G,6-4,185,August 15 1947,Tulane,arthujo01
Jamel Artis,2018,2018,G-F,6-7,213,January 12 1993,Pitt,artisja01
Ömer Aşık,2011,2018,C,7-0,255,July 4 1986,,asikom01
Vincent Askew,1988,1998,G-F,6-6,210,February 28 1966,Memphis,askewvi01
Keith Askins,1991,1999,G-F,6-7,197,December 15 1967,Alabama,askinke01
Don Asmonga,1954,1954,G,6-2,185,February 15 1928,Alliance College,asmondo01
Dick Atha,1956,1958,G,6-2,190,September 21 1931,Indiana State University,athadi01
Chucky Atkins,2000,2010,G,5-11,160,August 14 1974,South Florida,atkinch01
Al Attles*,1961,1971,G,6-0,175,November 7 1936,North Carolina A&T,attleal01
Chet Aubuchon,1947,1947,G,5-10,137,May 18 1916,Michigan State,aubucch01
Stacey Augmon,1992,2006,F-G,6-8,205,August 1 1968,UNLV,augmost01
D.J. Augustin,2009,2022,G,5-11,183,November 10 1987,Texas,augusdj01
James Augustine,2007,2008,F,6-10,235,February 27 1984,Illinois,augusja01
Isaac Austin,1992,2002,C,6-10,255,August 18 1969,Arizona State,austiis01
Johnny Austin,1967,1968,G,6-0,170,August 31 1944,Boston College,austijo01
Ken Austin,1984,1984,F,6-9,205,July 15 1961,Rice University,austike01
Deni Avdija,2021,2025,G-F,6-9,210,January 3 2001,,avdijde01
Anthony Avent,1993,2000,F,6-9,235,October 18 1969,Seton Hall,aventan01
Bird Averitt,1974,1978,G,6-1,170,July 22 1952,Pepperdine,averibi01
William Avery,2000,2002,G,6-2,197,August 8 1979,Duke,averywi01
Dennis Awtrey,1971,1982,C,6-10,235,February 22 1948,Santa Clara,awtrede01
Joel Ayayi,2022,2022,G,6-5,180,March 5 2000,Gonzaga,ayayijo01
Gustavo Ayón,2012,2014,C,6-10,250,April 1 1985,,ayongu01
Jeff Ayres,2010,2016,F,6-9,240,April 29 1987,Arizona State,pendeje02
Deandre Ayton,2019,2025,C,7-0,250,July 23 1998,Arizona,aytonde01
Kelenna Azubuike,2007,2012,G,6-5,220,December 16 1983,Kentucky,azubuke01
Udoka Azubuike,2021,2024,C,6-10,280,September 17 1999,Kansas,azubuud01

Chris Babb,2014,2014,G,6-5,225,February 14 1990,Penn State Iowa State,babbch01
Luke Babbitt,2011,2018,F,6-9,225,June 20 1989,Nevada,babbilu01
Miloš Babić,1991,1992,C-F,7-0,240,November 23 1968,Tennessee Technological University,babicmi01
Johnny Bach,1949,1949,F-G,6-2,180,July 10 1924,Fordham,bachjo01
Dwayne Bacon,2018,2021,G,6-6,221,August 30 1995,Florida State,bacondw01
Henry Bacon,1973,1973,G,6-3,205,July 5 1948,Louisville,baconhe01
Ibou Badji,2024,2024,C,7-1,240,October 13 2002,,badjiib01
Jim Baechtold,1953,1957,F-G,6-4,205,December 9 1927,Eastern Kentucky University,baechji01
Dalibor Bagarić,2001,2003,C,7-1,255,February 7 1980,,bagarda01
John Bagley,1983,1994,G,6-0,185,April 23 1960,Boston College,baglejo01
Marvin Bagley III,2019,2025,F-C,6-10,235,March 14 1999,Duke,baglema01
Amari Bailey,2024,2024,G,6-5,185,February 17 2004,UCLA,baileam01
Carl Bailey,1982,1982,C,7-0,210,April 23 1958,Tuskegee University,baileca01
Gus Bailey,1975,1980,G-F,6-5,185,February 18 1951,Texas-El Paso,bailegu01
James Bailey,1980,1988,F-C,6-9,220,May 21 1957,Rutgers University,baileja01
Thurl Bailey,1984,1999,F-C,6-11,215,April 7 1961,NC State,baileth01
Toby Bailey,1999,2000,G,6-6,213,November 19 1975,UCLA,baileto01
Cameron Bairstow,2015,2016,F-C,6-9,250,December 7 1990,New Mexico,bairsca01
Jimmie Baker,1976,1976,F,6-9,220,December 25 1953,UNLV Hawaii,bakerji01
Mark Baker,1999,1999,G,6-1,175,November 11 1969,Ohio State,bakerla01
Maurice Baker,2005,2005,G,6-1,175,July 28 1979,Oklahoma State,bakerma01
Norm Baker,1947,1947,G,6-0,180,February 17 1923,,bakerno01
Ron Baker,2017,2019,G,6-4,220,March 30 1993,Wichita State,bakerro01
Vin Baker,1994,2006,F-C,6-11,232,November 23 1971,University of Hartford,bakervi01
Patrick Baldwin Jr.,2023,2025,G-F,6-9,220,November 18 2002,UW-Milwaukee,baldwpa01
Wade Baldwin,2017,2019,G,6-4,200,March 29 1996,Vanderbilt,baldwwa01
Renaldo Balkman,2007,2012,F,6-8,208,July 14 1984,South Carolina,balkmre01
Cedric Ball,1991,1991,F,6-8,210,April 16 1968,UNC Charlotte,ballce01
LaMelo Ball,2021,2025,G,6-7,180,August 22 2001,,ballla01
Lonzo Ball,2018,2025,G,6-6,190,October 27 1997,UCLA,balllo01
Greg Ballard,1978,1989,F,6-7,215,January 29 1955,Oregon,ballagr01
Herschel Baltimore,1947,1947,F,6-4,195,June 21 1921,Penn State,baltihe01
Mo Bamba,2019,2025,C,7-0,231,May 12 1998,Texas,bambamo01
Paolo Banchero,2023,2025,F,6-10,250,November 12 2002,Duke,banchpa01
Desmond Bane,2021,2025,G,6-5,215,June 25 1998,TCU,banede01
Gene Banks,1982,1987,F-G,6-7,215,May 15 1959,Duke,banksge01
Marcus Banks,2004,2011,G,6-2,200,November 19 1981,Dixie State (UT) UNLV,banksma01
Walker Banks,1971,1971,C,6-10,205,August 26 1947,Western Kentucky,bankswa01
Ken Bannister,1985,1991,F-C,6-9,235,April 1 1960,Indiana State University Saint Augustine's College,bannike01
Mike Bantom,1974,1982,F-C,6-9,200,December 3 1951,Saint Joseph's,bantomi01
Dalano Banton,2022,2025,G-F,6-9,204,November 7 1999,Nebraska,bantoda01
Cat Barber,2022,2022,G,6-2,190,July 25 1994,NC State,barbeca01
John Barber,1957,1957,F,6-6,210,June 27 1927,California State University Los Angeles,barbejo01
Leandro Barbosa,2004,2017,G,6-3,194,November 28 1982,,barbole01
Steve Bardo,1992,1996,G,6-5,190,April 5 1968,Illinois,bardost01
J.J. Barea,2007,2020,G,5-10,180,June 26 1984,Northeastern University,bareajo01
Andrea Bargnani,2007,2016,F-C,7-0,245,October 26 1985,,bargnan01
Cliff Barker,1950,1952,G,6-2,185,January 15 1921,Kentucky,barkecl01
Tom Barker,1977,1979,C-F,6-11,225,March 11 1955,Minnesota College of Southern Idaho Hawaii,barketo01
Charles Barkley*,1985,2000,F,6-6,252,February 20 1963,Auburn,barklch01
Erick Barkley,2001,2002,G,6-1,177,February 21 1978,St. John's,barkler01
Don Barksdale*,1952,1955,F-C,6-6,200,March 31 1923,UCLA,barksdo01
Dominick Barlow,2023,2025,F,6-9,221,May 26 2003,,barlodo01
Harrison Barnes,2013,2025,F,6-8,225,May 30 1992,UNC,barneha02
Harry Barnes,1969,1969,F,6-3,205,July 25 1945,Northeastern University,barneha01
Jim Barnes,1965,1971,C-F,6-8,210,April 13 1941,Texas-El Paso,barneji01
Marvin Barnes,1975,1980,F-C,6-8,210,July 27 1952,Providence,barnema01
Matt Barnes,2004,2017,F,6-7,226,March 9 1980,UCLA,barnema02
Scottie Barnes,2022,2025,G-F,6-7,227,August 1 2001,Florida State,barnesc01
Dick Barnett*,1960,1974,G-F,6-4,190,October 2 1936,Tennessee State,barnedi01
Jim Barnett,1967,1977,G-F,6-4,170,July 7 1944,Oregon,barneji02
Nate Barnett,1976,1976,G,6-3,175,January 29 1953,University of Akron,barnena01
John Barnhill,1963,1972,G,6-1,180,March 20 1938,Tennessee State,barnhjo01
Norton Barnhill,1977,1977,G,6-4,205,July 15 1953,Washington State,barnhno01
Leo Barnhorst,1950,1954,F-G,6-4,190,May 11 1924,Notre Dame,barnhle01
John Barr,1947,1947,F,6-3,205,August 18 1918,Penn State,barrjo01
Mike Barr,1973,1977,G,6-3,180,October 19 1950,Duquesne,barrmi01
Moe Barr,1971,1971,G,6-4,195,June 19 1944,Duquesne,barrmo01
Andre Barrett,2005,2008,G,5-10,172,February 21 1982,Seton Hall,barrean01
Ernie Barrett,1954,1956,G-F,6-3,180,August 27 1929,Kansas State,barreer01
Mike Barrett,1970,1973,G,6-2,155,September 5 1943,West Virginia Tech,barremi01
RJ Barrett,2020,2025,G-F,6-6,214,June 14 2000,Duke,barrerj01
Earl Barron,2006,2015,C,7-0,250,August 14 1981,Memphis,barroea01
Dana Barros,1990,2004,G,5-11,163,April 13 1967,Boston College,barroda01
Brent Barry,1996,2009,G,6-6,185,December 31 1971,Oregon State,barrybr01
Drew Barry,1998,2000,G,6-5,191,February 17 1973,Georgia Tech,barrydr01
Jon Barry,1993,2006,G,6-4,195,July 25 1969,University of the Pacific Georgia Tech,barryjo01
Rick Barry*,1966,1980,F,6-7,205,March 28 1944,Miami (FL),barryri01
Ed Bartels,1950,1951,F,6-5,195,October 8 1925,NC State,barteed01
Vic Bartolome,1972,1972,C,7-0,230,September 29 1948,Oregon State,bartovi01
Will Barton,2013,2023,G,6-5,181,January 6 1991,Memphis,bartowi01
Eddie Basden,2006,2006,G,6-5,215,February 15 1983,UNC Charlotte,basdeed01
Jerry Baskerville,1976,1976,F,6-7,190,November 10 1951,Temple,baskeje01
Brandon Bass,2006,2017,F,6-8,250,April 30 1985,LSU,bassbr01
Paris Bass,2022,2022,F,6-8,200,August 29 1995,Detroit Mercy,basspa01
Tim Bassett,1974,1980,F-C,6-8,225,April 1 1951,College of Southern Idaho Georgia,basseti01
Charles Bassey,2022,2025,C,6-10,235,October 28 2000,Western Kentucky,bassech01
Maceo Baston,2003,2009,F,6-9,215,May 29 1975,Michigan,bastoma01
Mengke Bateer,2002,2004,C,6-11,290,November 20 1975,,bateeme01
Billy Ray Bates,1980,1983,G,6-4,210,May 31 1956,Kentucky State University,batesbi01
Emoni Bates,2024,2024,G,6-10,170,January 28 2004,Memphis Eastern Michigan,batesem01
Keita Bates-Diop,2019,2024,F,6-8,229,January 23 1996,Ohio State,bateske01
Esteban Batista,2006,2007,F-C,6-10,270,September 2 1983,,batises01
Mike Batiste,2003,2003,F,6-8,225,November 21 1977,Arizona State,batismi01
Tony Battie,1998,2012,C-F,6-11,230,February 11 1976,Texas Tech,battito01
Shane Battier,2002,2014,F,6-8,220,September 9 1978,Duke,battish01
Jamison Battle,2025,2025,F,6-7,220,May 10 2001,George Washington Minnesota Ohio State,battlja01
John Battle,1986,1995,G,6-2,175,November 9 1962,Rutgers University,battljo01
Kenny Battle,1990,1993,F,6-6,210,October 10 1964,Northern Illinois Illinois,battlke01
Dave Batton,1983,1984,C,6-10,240,March 26 1956,Notre Dame,battoda01
Lloyd Batts,1975,1975,G-F,6-4,185,May 9 1951,Cincinnati,battsll01
Nicolas Batum,2009,2025,F-G,6-8,230,December 14 1988,,batumni01
Johnny Baum,1970,1974,F,6-5,200,June 17 1946,Peirce College Temple,baumjo01
Frankie Baumholtz,1947,1947,G,5-10,170,October 7 1918,Ohio University,baumhfr01
Lonny Baxter,2003,2006,F,6-8,260,January 27 1979,Maryland,baxtelo01
Jerryd Bayless,2009,2019,G,6-3,200,August 20 1988,Arizona,bayleje01
Elgin Baylor*,1959,1972,F,6-5,225,September 16 1934,College of Idaho Seattle University,bayloel01
Howard Bayne,1968,1968,F,6-6,235,July 28 1942,Tennessee,bayneho01
Aron Baynes,2013,2021,C,6-10,260,December 9 1986,Washington State,baynear01
Sergei Bazarevich,1995,1995,G,6-2,168,March 16 1965,,bazarse01
Kent Bazemore,2013,2022,G-F,6-4,195,July 1 1989,Old Dominion,bazemke01
Darius Bazley,2020,2024,F,6-8,208,June 12 2000,,bazleda01
Ed Beach,1951,1951,F,6-3,200,January 25 1929,West Virginia,beached01
Bradley Beal,2013,2025,G,6-4,207,June 28 1993,Florida,bealbr01
Al Beard,1968,1968,C,6-9,200,April 27 1942,Norfolk State,beardal01
Butch Beard,1970,1979,G,6-3,185,May 4 1947,Louisville,beardbu01
Ralph Beard,1950,1951,G,5-10,175,December 2 1927,Kentucky,beardra01
Charlie Beasley,1968,1971,G-F,6-5,190,September 23 1945,SMU,beaslch01
Jerome Beasley,2004,2004,F,6-10,237,May 17 1980,Midland College University of North Dakota,beaslje01
John Beasley,1968,1974,F-C,6-9,225,February 5 1944,Texas A&M,beasljo01
Malik Beasley,2017,2025,G,6-4,187,November 26 1996,Florida State,beaslma01
Michael Beasley,2009,2019,F,6-9,235,January 9 1989,Kansas State,beaslmi01
Zelmo Beaty*,1963,1975,C,6-9,225,October 25 1939,Prairie View A&M University,beatyze01
Rodrigue Beaubois,2010,2013,G,6-0,170,February 24 1988,,beaubro01
MarJon Beauchamp,2023,2025,G,6-6,199,October 12 2000,Yakima Valley Community College,beaucma01
Byron Beck,1968,1977,C-F,6-9,225,January 25 1945,Columbia Basin College Denver,beckby01
Corey Beck,1996,1999,G,6-1,190,May 27 1971,South Plains College Arkansas,beckco01
Ernie Beck,1954,1961,G-F,6-4,190,December 11 1931,Penn,becker01
Art Becker,1968,1973,F,6-7,205,January 12 1942,Arizona State,beckear01
Moe Becker,1947,1947,G-F,6-1,185,February 24 1917,Duquesne,beckemo01
Bob Bedell,1968,1971,F,6-7,205,June 26 1944,Stanford,bedelbo01
William Bedford,1987,1993,C,7-0,225,December 14 1963,Memphis,bedfowi01
Reece Beekman,2025,2025,G,6-1,190,October 8 2001,Virginia,beekmre01
Hank Beenders,1947,1949,C-F,6-6,185,June 2 1916,Long Island University,beendha01
Ron Behagen,1974,1980,F-C,6-9,185,January 14 1951,Minnesota,behagro01
Elmer Behnke,1952,1952,C,6-7,210,February 3 1929,Bradley,behnkel01
Marco Belinelli,2008,2020,G-F,6-5,220,March 25 1986,,belinma01
Charlie Bell,2002,2011,G,6-3,200,March 12 1979,Michigan State,bellch01
Dennis Bell,1974,1976,F,6-5,185,June 2 1951,Drake University,bellde01
Jordan Bell,2018,2022,F,6-8,216,January 7 1995,Oregon,belljo01
Raja Bell,2001,2012,G,6-5,204,September 19 1976,Boston University Florida International University,bellra01
Troy Bell,2004,2004,G,6-1,180,November 10 1980,Boston College,belltr01
Whitey Bell,1960,1961,G,6-0,180,September 13 1932,NC State,bellwh01
Walt Bellamy*,1962,1975,C,6-11,225,July 24 1939,Indiana,bellawa01
DeAndre' Bembry,2017,2022,F,6-5,210,July 4 1994,Saint Joseph's,bembrde01
Irv Bemoras,1954,1957,F-G,6-3,185,November 18 1930,Illinois,bemorir01
Leon Benbow,1975,1976,G,6-4,185,July 23 1950,Jacksonville University,benbole01
Dragan Bender,2017,2020,F,7-0,225,November 17 1997,,bendedr01
Jonathan Bender,2000,2010,F,6-11,202,January 30 1981,,bendejo01
Jerrelle Benimon,2015,2015,F,6-8,245,August 1 1991,Georgetown Towson University,benimje01
Benoit Benjamin,1986,2000,C,7-0,250,November 22 1964,Creighton,benjabe01
Corey Benjamin,1999,2003,G,6-6,200,February 24 1978,Oregon State,benjaco01
Anthony Bennett,2014,2017,F,6-8,245,March 14 1993,UNLV,bennean01
Elmer Bennett,1995,1997,G,6-0,170,February 13 1970,Notre Dame,benneel01
Mario Bennett,1996,2000,F,6-6,235,August 1 1973,Arizona State,bennema01
Mel Bennett,1976,1982,F,6-7,200,January 4 1955,Pitt,benneme01
Spider Bennett,1969,1969,G,6-3,190,August 4 1943,Winston-Salem State,bennesp01
Tony Bennett,1993,1995,G,6-0,175,June 1 1969,Green Bay,benneto01
Winston Bennett,1990,1992,F,6-7,210,February 9 1965,Kentucky,bennewi01
David Benoit,1992,2001,F,6-8,220,May 9 1968,Alabama,benoida01
Keith Benson,2012,2012,C,6-11,240,August 13 1988,Oakland,bensoke02
Kent Benson,1978,1988,C,6-10,235,December 27 1954,Indiana,bensoke01
Ben Bentil,2017,2017,F,6-9,235,March 29 1995,Providence,bentibe01
Gene Berce,1950,1950,G-F,5-11,175,November 22 1926,Marquette,bercege01
Gary Bergen,1957,1957,C,6-8,210,July 16 1932,Utah,bergega01
Larry Bergh,1970,1970,F,6-8,210,April 2 1945,Weber State,berghla01
Jules Bernard,2024,2024,F,6-7,210,January 21 2000,UCLA,bernaju01
Ricky Berry,1989,1989,F,6-8,205,October 6 1964,Oregon State San Jose State,berryri01
Walter Berry,1987,1989,F,6-8,215,May 14 1964,St. John's,berrywa01
Dairis Bertāns,2019,2019,G,6-4,200,September 9 1989,,bertada02
Dāvis Bertāns,2017,2024,F,6-10,225,November 12 1992,,bertada01
Del Beshore,1979,1980,G,5-11,165,November 29 1956,California University of Pennslyvania,beshode01
Travis Best,1996,2005,G,5-11,182,July 12 1972,Georgia Tech,besttr01
Patrick Beverley,2013,2024,G,6-2,180,July 12 1988,Arkansas,beverpa01
Saddiq Bey,2021,2024,F,6-7,215,April 9 1999,Villanova,beysa01
Tyler Bey,2021,2021,F,6-7,215,February 10 1998,Colorado,beyty01
Sim Bhullar,2015,2015,C,7-5,360,December 2 1992,New Mexico State,bhullsi01
Wes Bialosuknia,1968,1968,G,6-2,185,June 8 1945,UConn,bialowe01
Al Bianchi,1957,1966,G,6-3,185,March 26 1932,Bowling Green,biancal01
Hank Biasatti,1947,1947,G,5-11,175,January 14 1922,Assumption University,biasaha01
Henry Bibby,1973,1981,G,6-1,185,November 24 1949,UCLA,bibbyhe01
Mike Bibby,1999,2012,G,6-1,190,May 13 1978,Arizona,bibbymi01
Ed Biedenbach,1969,1969,G,6-1,175,August 12 1945,NC State,biedeed01
Andris Biedriņš,2005,2014,C,6-11,240,April 2 1986,,biedran01
Don Bielke,1956,1956,C,6-7,240,May 10 1932,Valparaiso,bielkdo01
Bob Bigelow,1976,1979,F-G,6-7,215,December 26 1953,Penn,bigelbo01
Lionel Billingy,1975,1975,F-C,6-9,215,August 31 1952,Duquesne,billili01
Chauncey Billups*,1998,2014,G,6-3,202,September 25 1976,Colorado,billuch01
Dave Bing*,1967,1978,G,6-3,180,November 24 1943,Syracuse,bingda01
Joe Binion,1987,1987,F,6-8,235,March 26 1961,North Carolina A&T,biniojo01
Khem Birch,2018,2023,C-F,6-9,233,September 28 1992,Pitt UNLV,birchkh01
Jabari Bird,2018,2018,G,6-6,198,July 3 1994,California,birdja01
Jerry Bird,1959,1959,F,6-6,210,February 2 1935,Kentucky,birdje01
Larry Bird*,1980,1992,F,6-9,220,December 7 1956,Indiana State University,birdla01
Otis Birdsong,1978,1989,G,6-3,190,December 9 1955,Houston,birdsot01
Gale Bishop,1949,1949,F,6-3,195,June 4 1922,Washington State,bishoga01
Goga Bitadze,2020,2025,C,6-11,250,July 20 1999,,bitadgo01
Onuralp Bitim,2024,2024,F,6-6,215,March 31 1999,,bitimon01
Bismack Biyombo,2012,2024,C-F,6-8,255,August 28 1992,,biyombi01
Nemanja Bjelica,2016,2022,F,6-10,234,May 9 1988,,bjeline01
Uwe Blab,1986,1990,C,7-1,252,March 26 1962,Indiana,blabuw01
Anthony Black,2024,2025,G,6-7,198,January 20 2004,Arkansas,blackan01
Charlie Black,1949,1952,F-C,6-5,200,June 15 1921,Kansas,blackch01
Leaky Black,2024,2024,F,6-9,205,June 14 1999,UNC,blackle01
Norman Black,1981,1981,G,6-5,185,November 12 1957,Saint Joseph's,blackno01
Tarik Black,2015,2018,C-F,6-9,250,November 22 1991,Memphis Kansas,blackta01
Tom Black,1971,1971,C,6-10,220,July 9 1941,South Dakota State,blackto01
Rolando Blackman,1982,1994,G,6-6,190,February 26 1959,Kansas State,blackro01
Alex Blackwell,1993,1993,F,6-6,250,June 27 1970,Monmouth University,blackal01
Cory Blackwell,1985,1985,F,6-6,210,March 27 1963,Wisconsin,blackco01
James Blackwell,1995,1995,G,6-0,190,February 25 1968,Dartmouth College,blackja01
Nate Blackwell,1988,1988,G,6-4,170,February 15 1965,Temple,blackna01
DeJuan Blair,2010,2016,F-C,6-7,270,April 22 1989,Pitt,blairde01
Steve Blake,2004,2016,G,6-3,172,February 26 1980,Maryland,blakest01
Antonio Blakeney,2018,2019,G,6-4,192,October 4 1996,LSU,blakean01
Will Blalock,2007,2007,G,6-0,205,September 8 1983,Iowa State,blalowi01
George Blaney,1962,1962,G,6-1,175,November 12 1939,Holy Cross,blanege01
Lance Blanks,1991,1993,G,6-4,190,September 9 1966,Virginia Texas,blankla01
Ricky Blanton,1993,1993,F,6-7,215,April 21 1966,LSU,blantri01
Andray Blatche,2006,2014,F,6-11,235,August 22 1986,,blatcan01
Mookie Blaylock,1990,2002,G,6-0,180,March 20 1967,Midland College Oklahoma,blaylmo01
Eric Bledsoe,2011,2022,G,6-1,214,December 9 1989,Kentucky,bledser01
Keljin Blevins,2021,2022,F,6-4,200,November 24 1995,Southern Miss Montana State,blevike01
Leon Blevins,1951,1951,G,6-2,160,June 25 1926,Arizona,blevile01
John Block,1967,1976,F-C,6-9,207,April 16 1944,USC,blockjo01
Mike Bloom,1948,1949,F-C,6-6,190,January 14 1915,Temple,bloommi01
Jaron Blossomgame,2019,2019,F,6-8,220,September 16 1993,Clemson,blossja01
Corie Blount,1994,2004,F,6-9,240,January 4 1969,Cincinnati,blounco01
Mark Blount,2001,2009,C,7-0,230,November 30 1975,Pitt,blounma01
Vander Blue,2014,2018,G,6-4,200,July 17 1992,Marquette,blueva01
Ray Blume,1982,1982,G,6-4,185,September 23 1958,Oregon State,blumera01
Nelson Bobb,1950,1953,G,6-0,170,February 25 1924,Temple,bobbne01
Tony Bobbitt,2005,2005,G,6-4,190,October 22 1979,Cincinnati,bobbito01
Bucky Bockhorn,1959,1965,G,6-4,200,July 8 1933,Dayton,bockhbu01
Buddy Boeheim,2023,2024,G,6-6,205,November 11 1999,Syracuse,boehebu01
Tom Boerwinkle,1969,1978,C,7-0,265,August 23 1945,Tennessee,boerwto01
Keith Bogans,2004,2014,G-F,6-5,215,May 12 1980,Kentucky,boganke01
Bogdan Bogdanović,2018,2025,G,6-5,220,August 18 1992,,bogdabo01
Bojan Bogdanović,2015,2024,G-F,6-7,226,April 18 1989,,bogdabo02
Muggsy Bogues,1988,2001,G,5-3,136,January 9 1965,Wake Forest,boguemu01
Andrew Bogut,2006,2019,C,7-0,260,November 28 1984,Utah,bogutan01
Etdrick Bohannon,1998,2001,F,6-9,220,May 29 1973,Arizona Tennessee Auburn University at Montgomery,bohanet01
Bol Bol,2020,2025,F-C,7-3,220,November 16 1999,Oregon,bolbo01
Manute Bol,1986,1995,C,7-7,200,October 16 1962,University of Bridgeport,bolma01
Jonah Bolden,2019,2020,F,6-8,220,January 2 1996,UCLA,boldejo01
Marques Bolden,2020,2024,C,6-10,249,April 17 1998,Duke,boldema01
Bill Bolger,1954,1954,F,6-5,205,August 21 1931,Georgetown,bolgebi01
Leandro Bolmaro,2022,2023,F,6-6,200,September 11 2000,,bolmale01
Joel Bolomboy,2017,2018,F,6-9,235,January 28 1994,Weber State,bolomjo01
Doug Bolstorff,1958,1958,G,6-4,195,October 29 1931,Minnesota,bolstdo01
George Bon Salle,1962,1962,F,6-8,220,July 1 1935,Illinois,bonsage01
Adem Bona,2025,2025,F-C,6-10,235,March 28 2003,UCLA,bonaad01
Phil Bond,1978,1978,G,6-2,175,July 27 1954,Louisville,bondph01
Walter Bond,1993,1995,G,6-5,200,February 1 1969,Minnesota,bondwa01
Jordan Bone,2020,2021,G,6-2,180,November 5 1997,Tennessee,bonejo01
Dexter Boney,1997,1997,G,6-4,185,April 27 1970,UNLV,boneyde01
Isaac Bonga,2019,2022,G,6-8,180,November 8 1999,,bongais01
Ron Bonham,1965,1968,F,6-5,192,May 31 1942,Cincinnati,bonharo01
Anthony Bonner,1991,1996,F,6-8,215,June 8 1968,Saint Louis,bonnean01
Matt Bonner,2005,2016,F,6-10,235,April 5 1980,Florida,bonnema01
Butch Booker,1970,1970,C,6-10,230,July 20 1945,Cheyney (PA),bookebu01
Devin Booker,2016,2025,G,6-6,206,October 30 1996,Kentucky,bookede01
Melvin Booker,1996,1997,G,6-2,185,August 20 1972,Missouri,bookeme01
Trevor Booker,2011,2018,F,6-8,228,November 25 1987,Clemson,booketr01
Josh Boone,2007,2010,F-C,6-10,237,November 21 1984,UConn,boonejo01
Ron Boone,1969,1981,G-F,6-2,200,September 6 1946,Iowa Western Community College Clarinda Campus Idaho State University,boonero01
Calvin Booth,2000,2009,C,6-11,230,May 7 1976,Penn State,boothca01
Keith Booth,1998,1999,F,6-6,226,October 9 1974,Maryland,boothke01
Bob Boozer,1961,1971,F,6-8,215,April 26 1937,Kansas State,boozebo01
Carlos Boozer,2003,2015,F-C,6-9,258,November 20 1981,Duke,boozeca01
Curtis Borchardt,2004,2005,C,7-0,240,September 13 1980,Stanford,borchcu01
Jake Bornheimer,1949,1950,F-C,6-5,200,June 29 1927,Muhlenberg College,bornhja01
Lazaro Borrell,2000,2000,F,6-8,220,September 20 1972,,borrela01
Ike Borsavage,1951,1951,C-F,6-8,220,July 25 1924,Temple,borsaik01
Vince Boryla,1950,1954,F,6-5,210,March 11 1927,Notre Dame Denver,borylvi01
Chris Bosh*,2004,2016,F-C,6-11,235,March 24 1984,Georgia Tech,boshch01
Jim Bostic,1978,1978,F,6-7,225,January 28 1953,New Mexico State,bostiji01
Brandon Boston Jr.,2022,2025,G-F,6-7,185,November 28 2001,Kentucky,bostobr01
Lawrence Boston,1980,1980,F,6-8,225,May 18 1956,Vincennes University Maryland,bostola01
Tom Boswell,1976,1984,F-C,6-9,220,October 2 1953,South Carolina State South Carolina,bosweto01
Chris Boucher,2018,2025,F,6-9,200,January 11 1993,New Mexico Junior College Northwest College Oregon,bouchch01
James Bouknight,2022,2024,G,6-5,190,September 18 2000,UConn,bouknja01
Ruben Boumtje-Boumtje,2002,2004,C,7-0,257,May 20 1978,Georgetown,boumtru01
Jamaree Bouyea,2023,2024,G,6-2,180,June 27 1999,San Francisco,bouyeja01
Don Boven,1950,1953,F-G,6-4,210,March 6 1925,Western Michigan,bovendo01
Cal Bowdler,2000,2002,F,6-10,245,March 31 1977,Old Dominion,bowdlca01
Brian Bowen,2020,2021,F,6-6,190,October 2 1998,,bowenbr02
Bruce Bowen,1997,2009,F,6-7,185,June 14 1971,Cal State Fullerton,bowenbr01
Ryan Bowen,2000,2010,F,6-7,215,November 20 1975,Iowa,bowenry01
Tommie Bowens,1968,1970,F-C,6-8,220,July 7 1940,Grambling State University,bowento01
Anthony Bowie,1989,1998,G-F,6-6,190,November 9 1963,Oklahoma,bowiean01
Sam Bowie,1985,1995,C-F,7-1,235,March 17 1961,Kentucky,bowiesa01
Orb Bowling,1968,1968,C,6-10,215,March 21 1939,Tennessee,bowlior01
Ira Bowman,2000,2002,G,6-5,195,June 11 1973,Providence Penn,bowmair01
Ky Bowman,2020,2020,G,6-1,187,June 16 1997,Boston College,bowmaky01
Nate Bowman,1967,1972,C,6-10,230,March 19 1943,Wichita State,bowmana01
Donnie Boyce,1996,1997,G,6-5,196,September 2 1973,Colorado,boycedo01
Dennis Boyd,1979,1979,G,6-1,175,May 21 1954,Detroit Mercy,boydde01
Freddie Boyd,1973,1978,G,6-2,180,June 13 1950,Oregon State,boydfr01
Ken Boyd,1975,1975,F,6-5,195,March 25 1952,Boston University,boydke01
Earl Boykins,1999,2012,G,5-5,135,June 2 1976,Eastern Michigan,boykiea01
Harry Boykoff,1950,1951,C,6-10,225,July 24 1922,St. John's,boykoha01
Winford Boynes,1979,1981,G-F,6-6,185,May 17 1957,San Francisco,boynewi01
Cedric Bozeman,2007,2007,G,6-6,207,March 7 1983,UCLA,bozemce01
Steve Bracey,1973,1975,G,6-1,175,August 1 1950,Tulsa,bracest01
Craig Brackins,2011,2012,F,6-10,230,October 9 1987,Iowa State,brackcr01
Gary Bradds,1965,1971,F,6-8,210,July 26 1942,Ohio State,braddga01
Alex Bradley,1982,1982,F,6-6,215,October 30 1959,Villanova,bradlal02
Alonzo Bradley,1978,1980,F,6-6,190,October 16 1953,Texas Southern,bradlal01
Avery Bradley,2011,2022,G,6-3,180,November 26 1990,Texas,bradlav01
Bill Bradley,1968,1968,G,5-11,165,June 16 1941,Tennessee State,bradlbi02
Bill Bradley*,1968,1977,F-G,6-5,205,July 28 1943,Princeton,bradlbi01
Charles Bradley,1982,1984,G,6-5,215,May 16 1959,Wyoming,bradlch01
Dudley Bradley,1980,1989,G-F,6-6,195,March 19 1957,UNC,bradldu01
Jim Bradley,1974,1976,F,6-8,215,March 16 1952,Northern Illinois,bradlji01
Joe Bradley,1950,1950,G,6-3,175,September 24 1928,Oklahoma State,bradljo01
Michael Bradley,2002,2006,F-C,6-10,245,April 18 1979,Kentucky Villanova,bradlmi01
Shawn Bradley,1994,2005,C,7-6,235,March 22 1972,BYU,bradlsh01
Tony Bradley,2018,2023,F-C,6-10,248,January 8 1998,UNC,bradlto01
Mark Bradtke,1997,1997,C-F,6-10,265,September 27 1968,,bradtma01
Marques Bragg,1996,1996,F,6-8,230,March 24 1970,Providence,braggma01
Torraye Braggs,2004,2005,F,6-8,245,May 15 1976,Xavier,braggto01
A.J. Bramlett,2000,2000,C,6-10,227,January 10 1977,Arizona,bramlaj01
Adrian Branch,1987,1990,F-G,6-7,185,November 17 1963,Maryland,brancad01
Elton Brand,2000,2016,F-C,6-9,275,March 11 1979,Duke,brandel01
Terrell Brandon,1992,2002,G,5-11,180,May 20 1970,Oregon,brandte01
Malaki Branham,2023,2025,G,6-4,180,May 12 2003,Ohio State,branhma01
Bob Brannum,1950,1955,F-C,6-5,215,May 28 1926,Kentucky Michigan State,brannbo01
Brad Branson,1982,1983,C-F,6-10,220,September 24 1958,SMU,bransbr01
Jesse Branson,1966,1968,F,6-7,195,January 7 1942,Elon University,bransje01
Jarrell Brantley,2020,2023,F,6-5,250,June 7 1996,College of Charleston,brantja01
Jim Brasco,1953,1953,G,6-1,170,February 3 1931,NYU,brascji01
Mike Bratz,1978,1986,G,6-2,185,October 17 1955,Stanford,bratzmi01
Carl Braun*,1948,1962,G-F,6-5,180,September 25 1927,Colgate,braunca01
Christian Braun,2023,2025,G,6-6,218,April 17 2001,Kansas,braunch01
Ignas Brazdeikis,2020,2022,F,6-6,221,January 8 1999,Michigan,brazdig01
Tim Breaux,1995,1998,F,6-7,215,September 19 1970,Wyoming,breauti01
J.R. Bremer,2003,2004,G,6-2,185,September 19 1980,St. Bonaventure,bremejr01
Pete Brennan,1959,1959,F,6-6,205,September 23 1936,UNC,brennpe01
Tom Brennan,1955,1955,F,6-3,195,August 6 1930,Villanova,brennto01
Randy Breuer,1984,1994,C,7-3,230,October 11 1960,Minnesota,breuera01
Corey Brewer,2008,2020,F-G,6-9,186,March 5 1986,Florida,breweco01
Jamison Brewer,2002,2005,G,6-4,184,November 19 1980,Auburn,breweja01
Jim Brewer,1974,1982,F-C,6-9,210,December 3 1951,Minnesota,breweji01
Ron Brewer,1979,1986,G,6-4,180,July 16 1955,University of Arkansas-Fort Smith Arkansas,brewero01
Ronnie Brewer,2007,2014,G-F,6-7,220,March 20 1985,Arkansas,brewero02
Primož Brezec,2002,2010,C,7-2,252,October 2 1979,,brezepr01
Frankie Brian,1950,1956,G,6-1,180,May 1 1923,LSU,brianfr01
Frank Brickowski,1985,1997,F-C,6-9,240,August 14 1959,Penn State,brickfr01
Junior Bridgeman,1976,1987,F-G,6-5,210,September 17 1953,Louisville,bridgju01
Bill Bridges,1963,1975,F-C,6-6,228,April 4 1939,Kansas,bridgbi01
Jalen Bridges,2025,2025,F,6-8,225,May 14 2001,West Virginia Baylor,bridgja01
Mikal Bridges,2019,2025,F-G,6-6,209,August 30 1996,Villanova,bridgmi01
Miles Bridges,2019,2025,G-F,6-7,225,March 21 1998,Michigan State,bridgmi02
Al Brightman,1947,1947,F,6-2,195,September 22 1923,University of Charleston,brighal01
Amida Brimah,2021,2021,C,6-10,230,February 11 1994,UConn,brimaam01
Aud Brindley,1947,1947,F,6-4,175,December 31 1923,Dartmouth College,brindau01
Isaiah Briscoe,2019,2019,G,6-3,215,April 13 1996,Kentucky,briscis01
John Brisker,1970,1975,F-G,6-5,210,June 15 1947,Toledo,briskjo01
Oshae Brissett,2020,2024,F,6-7,210,June 20 1998,Syracuse,brissos01
Allan Bristow,1974,1983,F-G,6-7,210,August 23 1951,Virginia Tech,bristal01
Tyrone Britt,1968,1968,G,6-4,190,April 18 1944,Johnson C. Smith University,brittty01
Wayman Britt,1978,1978,G,6-2,185,August 31 1952,Michigan,brittwa01
Mike Brittain,1986,1987,C,7-0,235,June 21 1963,South Carolina,brittmi01
Dave Britton,1981,1981,G,6-4,180,August 29 1958,Texas A&M,brittda01
Izaiah Brockington,2024,2024,G,6-4,200,July 12 1999,St. Bonaventure Penn State Iowa State,brockiz01
Jon Brockman,2010,2012,F,6-7,255,March 20 1987,Washington,brockjo01
Ryan Broekhoff,2019,2020,F,6-6,215,August 23 1990,Valparaiso,broekry01
Jim Brogan,1982,1983,G,6-4,185,February 24 1958,West Virginia Wesleyan College,brogaji01
Malcolm Brogdon,2017,2025,G,6-4,229,December 11 1992,Virginia,brogdma01
Gary Brokaw,1975,1978,G,6-4,178,January 11 1954,Notre Dame,brokaga01
Price Brookfield,1949,1950,F-G,6-4,185,May 11 1920,West Texas A&M University,brookpr01
Clarence Brookins,1971,1971,F,6-4,190,,Temple,brookcl01
Aaron Brooks,2008,2018,G,6-0,161,January 14 1985,Oregon,brookaa01
Armoni Brooks,2021,2024,G,6-3,195,June 5 1998,Houston,brookar01
Dillon Brooks,2018,2025,F-G,6-6,225,January 22 1996,Oregon,brookdi01
Kevin Brooks,1992,1994,F,6-6,200,October 12 1969,Louisiana,brookke01
MarShon Brooks,2012,2019,G-F,6-5,200,January 26 1989,Providence,brookma01
Michael Brooks,1981,1988,F,6-7,220,August 17 1958,La Salle,brookmi01
Scott Brooks,1989,1998,G,5-11,165,July 31 1965,TCU University of California Irvine,brooksc01
Andre Brown,2007,2009,F,6-9,245,May 12 1981,DePaul,brownan01
Anthony Brown,2016,2018,F-G,6-7,210,October 10 1992,Stanford,brownan02
Bob Brown,1949,1950,F,6-4,205,November 12 1923,Miami University,brownbo01
Bobby Brown,2009,2018,G,6-2,175,September 24 1984,Cal State Fullerton,brownbo02
Bruce Brown,2019,2024,G-F,6-4,202,August 15 1996,Miami (FL),brownbr01
Charlie Brown Jr.,2020,2024,G,6-6,199,February 2 1997,Saint Joseph's,brownch02
Chaundee Brown Jr.,2022,2022,G-F,6-5,215,December 4 1998,Wake Forest Michigan,brownch05
Chucky Brown,1990,2002,F,6-7,214,February 29 1968,NC State,brownch01
Damone Brown,2002,2005,F,6-9,200,June 28 1979,Syracuse,brownda02
Darrel Brown,1949,1949,F,6-2,175,March 14 1923,Humboldt State University,brownda01
Dee Brown,1991,2002,G,6-1,160,November 29 1968,Jacksonville University,brownde01
Dee Brown,2007,2009,G,6-0,185,August 17 1984,Illinois,brownde03
Derrick Brown,2010,2012,F,6-7,225,September 8 1987,Xavier,brownde04
Devin Brown,2003,2010,G,6-5,220,December 30 1978,Texas-San Antonio,brownde02
Ernest Brown,2002,2002,C,7-0,244,May 17 1979,Indian Hills Community College,browner01
Fred Brown,1972,1984,G,6-3,182,August 7 1948,Southeastern Iowa Community College West Burlington Campus Iowa,brownfr01
George Brown,1958,1958,F,6-6,190,October 30 1935,Wayne State University,brownge01
Gerald Brown,1999,1999,G,6-4,210,July 28 1975,Pepperdine,brownge02
Greg Brown III,2022,2024,F,6-7,205,September 1 2001,Texas,browngr01
Harold Brown,1947,1947,G,6-0,155,October 2 1923,University of Evansville,brownha01
Jabari Brown,2015,2015,G,6-4,215,December 18 1992,Oregon Missouri,brownja01
Jaylen Brown,2017,2025,F-G,6-6,223,October 24 1996,California,brownja02
John Brown,1974,1980,F,6-7,220,December 14 1951,Missouri,brownjo01
Kedrick Brown,2002,2005,G,6-7,222,March 18 1981,Okaloosa-Walton Community College,brownke01
Kendall Brown,2023,2024,G-F,6-8,205,May 11 2003,Baylor,brownke03
Kobe Brown,2024,2025,G-F,6-7,250,January 1 2000,Missouri,brownko01
Kwame Brown,2002,2013,F,6-11,270,March 10 1982,,brownkw01
Larry Brown*,1968,1972,G,5-9,160,September 14 1940,UNC,brownla01
Leon Brown,1947,1947,F,6-3,190,October 12 1919,Wyoming,brownle01
Lewis Brown,1981,1981,C,6-11,225,February 19 1955,UNLV,brownle02
Lorenzo Brown,2014,2019,G,6-5,189,August 26 1990,NC State,brownlo01
Marcus Brown,1997,2000,G,6-3,185,April 3 1974,Murray State,brownma01
Markel Brown,2015,2018,G,6-3,190,January 29 1992,Oklahoma State,brownma02
Mike Brown,1987,1997,C-F,6-9,257,July 19 1963,George Washington,brownmi01
Moses Brown,2020,2025,C,7-2,245,October 13 1999,UCLA,brownmo01
Myron Brown,1992,1992,G,6-3,180,November 3 1969,Slippery Rock University of Pennsylvania,brownmy01
P.J. Brown,1994,2008,F-C,6-11,225,October 14 1969,Louisiana Tech,brownpj01
Randy Brown,1992,2003,G,6-2,190,May 22 1968,Houston New Mexico State,brownra02
Raymond Brown,1990,1990,F,6-8,220,July 5 1965,Mississippi State Idaho,brownra01
Rickey Brown,1981,1985,C-F,6-10,215,August 20 1958,Mississippi State,brownri01
Roger Brown*,1968,1975,F-G,6-5,205,May 22 1942,Dayton,brownro01
Roger Brown,1973,1980,C,6-11,225,February 23 1950,Kansas,brownro02
Shannon Brown,2007,2015,G,6-4,205,November 29 1985,Michigan State,brownsh01
Stan Brown,1948,1952,F,6-3,200,June 27 1929,,brownst01
Sterling Brown,2018,2023,G,6-5,219,February 10 1995,SMU,brownst02
Tierre Brown,2002,2005,G,6-2,189,June 3 1979,McNeese State University,brownti01
Tony Brown,1985,1992,F-G,6-6,185,July 29 1960,Arkansas,brownto01
Troy Brown Jr.,2019,2024,G-F,6-6,215,July 28 1999,Oregon,browntr01
Jim Browne,1949,1950,C,6-10,235,January 1 1930,,brownji01
Stanley Brundy,1990,1990,F,6-6,210,November 13 1967,DePaul,brundst01
Brian Brunkhorst,1969,1969,F,6-6,208,June 12 1945,Marquette,brunkbr01
George Bruns,1973,1973,G,6-0,160,August 30 1946,Manhattan College,brunsge01
Jalen Brunson,2019,2025,G,6-2,190,August 31 1996,Villanova,brunsja01
Rick Brunson,1998,2006,G,6-4,190,June 14 1972,Temple,brunsri01
Nicolás Brussino,2017,2018,G-F,6-7,195,March 2 1993,,brussni01
Elijah Bryant,2021,2021,G,6-5,210,April 19 1995,Elon University BYU,bryanel01
Em Bryant,1965,1972,G,6-1,175,November 4 1938,DePaul,bryanem01
Joe Bryant,1976,1983,F-C,6-9,185,October 19 1954,La Salle,bryanjo01
Kobe Bryant*,1997,2016,G-F,6-6,212,August 23 1978,,bryanko01
Mark Bryant,1989,2003,F-C,6-9,245,April 25 1965,Seton Hall,bryanma01
Thomas Bryant,2018,2025,C,6-10,248,July 31 1997,Indiana,bryanth01
Wallace Bryant,1984,1986,C,7-0,245,July 14 1959,San Francisco,bryanwa01
Torgeir Bryn,1990,1990,C,6-9,250,August 8 1964,Texas State University,brynto01
George Bucci,1976,1976,G,6-3,200,July 9 1953,Manhattan College,buccige01
Shaq Buchanan,2022,2022,G,6-3,190,January 30 1997,Northeast Mississippi Community College Murray State,buchash01
Joe Buckhalter,1962,1963,F,6-7,210,August 1 1937,Tennessee State,buckhjo01
Steve Bucknall,1990,1990,G,6-6,215,March 17 1966,UNC,bucknst01
Cleveland Buckner,1962,1963,F-C,6-9,210,August 17 1938,Jackson State University,buckncl01
Greg Buckner,2000,2009,G,6-4,210,September 16 1976,Clemson,buckngr01
Quinn Buckner,1977,1986,G,6-3,190,August 20 1954,Indiana,bucknqu01
Dave Budd,1961,1965,F,6-6,205,October 28 1938,Wake Forest,buddda01
Chase Budinger,2010,2016,F,6-7,209,May 22 1988,Arizona,budinch01
Walt Budko,1949,1952,F-C,6-5,220,July 30 1925,Columbia University,budkowa01
Jud Buechler,1991,2002,F-G,6-6,220,June 19 1968,Arizona,buechju01
Kobe Bufkin,2024,2025,G,6-4,195,September 21 2003,Michigan,bufkiko01
Rodney Buford,2000,2005,G-F,6-5,189,November 2 1977,Creighton,buforro01
Matt Bullard,1991,2002,F,6-10,215,June 5 1967,Colorado Iowa,bullama01
Reggie Bullock,2014,2024,G-F,6-6,205,March 16 1991,UNC,bullore01
Larry Bunce,1968,1969,C,7-0,240,July 29 1945,Texas-El Paso Riverside Community College Utah State University,buncela01
Greg Bunch,1979,1979,F,6-6,190,May 15 1956,Cal State Fullerton,bunchgr01
Dick Bunt,1953,1953,G,6-0,170,July 13 1930,NYU,buntdi01
Bill Buntin,1966,1966,C-F,6-7,250,May 5 1942,Michigan,buntibi01
Bill Bunting,1970,1972,F-C,6-8,200,August 26 1947,UNC,buntibi02
Ticky Burden,1976,1978,G,6-2,185,February 28 1953,Utah,burdeti01
Pat Burke,2003,2007,C-F,6-11,250,December 14 1973,Auburn,burkepa01
Trey Burke,2014,2022,G,6-0,185,November 12 1992,Michigan,burketr01
Roger Burkman,1982,1982,G,6-5,175,May 22 1958,Louisville,burkmro01
Alec Burks,2012,2025,G,6-6,214,July 20 1991,Colorado,burksal01
Antonio Burks,2005,2006,G,6-1,200,February 25 1980,Memphis,burksan01
Kevin Burleson,2006,2006,G,6-3,205,September 4 1979,Minnesota,burleke01
Tom Burleson,1975,1981,C,7-2,225,February 24 1952,NC State,burleto01
Jack Burmaster,1950,1950,G,6-3,190,December 23 1926,Illinois,burmaja01
David Burns,1982,1982,G,6-2,180,July 3 1958,Saint Louis,burnsda01
Evers Burns,1994,1994,F,6-8,260,August 24 1971,Maryland,burnsev01
Jim Burns,1968,1968,G,6-3,195,September 21 1945,Northwestern,burnsji01
Scott Burrell,1994,2001,G-F,6-7,218,January 12 1971,UConn,burresc01
Art Burris,1951,1952,F,6-5,220,April 7 1924,Tennessee,burriar01
Junior Burrough,1996,1996,F,6-8,242,January 18 1973,Virginia,burroju01
Bob Burrow,1957,1958,C-F,6-7,228,June 29 1934,Lon Morris College Kentucky,burrobo01
Deonte Burton,2019,2023,G,6-4,240,January 31 1994,Marquette Iowa State,burtode02
Ed Burton,1962,1965,F,6-6,225,August 13 1939,Michigan State,burtoed01
Willie Burton,1991,1999,F-G,6-8,210,May 26 1968,Minnesota,burtowi01
Steve Burtt,1985,1993,G,6-2,185,November 5 1962,Iona College,burttst01
Don Buse,1973,1985,G,6-4,190,August 10 1950,University of Evansville,busedo01
David Bustion,1973,1973,F,6-8,215,August 30 1949,Northeastern Junior College Denver,bustida01
Donnie Butcher,1962,1966,G,6-2,200,February 8 1936,Pikeville College,butchdo01
Al Butler,1962,1965,G,6-2,175,July 9 1938,Niagara University,butleal01
Caron Butler,2003,2016,F,6-7,228,March 13 1980,UConn,butleca01
Greg Butler,1989,1991,C,6-11,240,March 11 1966,Stanford,butlegr01
Jackie Butler,2005,2007,F-C,6-10,250,March 10 1985,,butleja01
Jared Butler,2022,2025,G,6-3,195,August 25 2000,Baylor,butleja02
Jimmy Butler,2012,2025,F-G,6-7,230,September 14 1989,Tyler Junior College Marquette,butleji01
John Butler,2023,2023,C,7-0,175,December 4 2002,Florida State,butlejo01
Mike Butler,1969,1972,G,6-2,170,October 22 1946,Memphis,butlemi01
Mitchell Butler,1994,2004,G-F,6-5,210,December 15 1970,UCLA,butlemi02
Rasual Butler,2003,2016,F-G,6-7,215,May 23 1979,La Salle,butlera01
Dwight Buycks,2014,2018,G,6-3,190,March 6 1989,Marquette,buyckdw01
Matas Buzelis,2025,2025,F,6-10,209,October 13 2004,,buzelma01
Derrick Byars,2012,2012,F,6-7,220,April 25 1984,Virginia Vanderbilt,byarsde01
Andrew Bynum,2006,2014,C,7-0,285,October 27 1987,,bynuman01
Will Bynum,2006,2015,G,6-0,185,January 4 1983,Arizona Georgia Tech,bynumwi01
Walt Byrd,1970,1970,F,6-7,205,,Temple,byrdwa01
Marty Byrnes,1979,1983,F,6-7,215,April 30 1956,Syracuse,byrnema01
Tommy Byrnes,1947,1951,F-G,6-3,175,February 19 1923,Seton Hall,byrneto01
Michael Bytzura,1947,1947,F,6-1,170,June 18 1922,Long Island University,bytzumi01